{
    "name": "Test",
    "uid": 1,
    "total_cost": 1977.2233373,
    "solver_time": 0.11420607566833496,
    "buses": [
        {
            "uid": 1,
            "name": "home",
            "load_duals": [
                135.0,
                119.0,
                112.0,
                119.0,
                111.0,
                111.0,
                108.0,
                -0.0,
                -0.0,
                -0.0,
                -0.0,
                -0.0,
                -0.0,
                -0.0,
                -0.0,
                -0.0,
                -0.0,
                -0.0,
                -0.0,
                -0.0,
                -0.0,
                -0.0,
                -0.0,
                -0.0
            ]
        },
        {
            "uid": 2,
            "name": "work",
            "load_duals": [
                -0.0,
                -0.0,
                -0.0,
                -0.0,
                -0.0,
                -0.0,
                -0.0,
                -0.0,
                -0.0,
                -0.0,
                119.0,
                119.0,
                -0.0,
                -0.0,
                -0.0,
                119.0,
                119.0,
                119.0,
                -0.0,
                -0.0,
                -0.0,
                -0.0,
                -0.0,
                -0.0
            ]
        }
    ],
    "lines": [],
    "grids": [
        {
            "uid": 1,
            "name": "g1",
            "injection_values": [],
            "withdrawn_values": [
                0.11,
                2.0866667,
                7.51,
                0.0,
                7.54,
                0.12,
                0.21,
                0.0,
                0.0,
                0.0,
                0.0,
                0.0,
                0.0,
                0.0,
                0.0,
                0.0,
                0.0,
                0.0,
                0.0,
                0.0,
                0.0,
                0.0,
                0.0,
                0.0
            ]
        }
    ],
    "demands": [
        {
            "uid": 1,
            "name": "d1",
            "load_values": [
                0.11,
                0.1,
                0.11,
                0.12,
                0.14,
                0.12,
                0.21,
                0.25,
                0.26,
                0.24,
                0.2,
                0.18,
                0.2,
                0.19,
                0.17,
                0.21,
                0.2,
                0.22,
                0.22,
                0.3,
                0.27,
                0.25,
                0.15,
                0.18
            ],
            "fail_values": []
        }
    ],
    "tssas": [
        {
            "uid": 1,
            "name": "lavadora",
            "onoff_values": [
                0.0,
                0.0,
                0.0,
                0.0,
                0.0,
                0.0,
                0.0,
                0.0,
                0.0,
                0.0,
                0.0,
                0.0,
                0.0,
                1.0,
                1.0,
                1.0,
                0.0,
                0.0,
                0.0,
                0.0,
                0.0,
                0.0,
                0.0,
                0.0
            ]
        },
        {
            "uid": 2,
            "name": "secadora",
            "onoff_values": [
                0.0,
                0.0,
                0.0,
                0.0,
                0.0,
                0.0,
                0.0,
                0.0,
                0.0,
                0.0,
                0.0,
                0.0,
                1.0,
                1.0,
                1.0,
                0.0,
                0.0,
                0.0,
                0.0,
                0.0,
                0.0,
                0.0,
                0.0,
                0.0
            ]
        }
    ],
    "cesas": [
        {
            "uid": 1,
            "name": "WaterPump",
            "onoff_values": [
                0.0,
                0.0,
                0.0,
                0.0,
                0.0,
                0.0,
                0.0,
                0.0,
                0.0,
                1.0,
                1.0,
                1.0,
                1.0,
                1.0,
                1.0,
                1.0,
                1.0,
                0.0,
                0.0,
                0.0,
                0.0,
                0.0,
                0.0,
                0.0
            ]
        }
    ],
    "besss": [
        {
            "uid": 1,
            "name": "b1",
            "efin_duals": [
                121.5,
                107.1,
                107.1,
                107.1,
                107.1,
                99.9,
                97.2,
                -0.0,
                -0.0,
                -0.0,
                -0.0,
                -0.0,
                -0.0,
                -0.0,
                -0.0,
                -0.0,
                -0.0,
                -0.0,
                -0.0,
                -0.0,
                -0.0,
                -0.0,
                -0.0,
                -0.0
            ],
            "efin_values": [
                0.0,
                0.0,
                0.0,
                0.0,
                0.0,
                0.0,
                0.0,
                0.0,
                0.13111111,
                0.0,
                0.0,
                0.0,
                0.0,
                0.0,
                0.0,
                1.1568222,
                1.3620222,
                1.5222222,
                1.2777778,
                0.94444444,
                0.64444444,
                0.36666667,
                0.2,
                0.0
            ],
            "flow_in_values": [
                0.0,
                0.0,
                0.0,
                0.0,
                0.0,
                0.0,
                0.0,
                0.0,
                0.14567901,
                0.0,
                0.0,
                0.0,
                0.0,
                0.0,
                0.0,
                1.285358,
                0.228,
                0.178,
                0.0,
                0.0,
                0.0,
                0.0,
                0.0,
                0.0
            ],
            "flow_out_values": [
                0.0,
                0.0,
                0.0,
                0.0,
                0.0,
                0.0,
                0.0,
                0.0,
                0.0,
                0.118,
                0.0,
                0.0,
                0.0,
                0.0,
                0.0,
                0.0,
                0.0,
                0.0,
                0.22,
                0.3,
                0.27,
                0.25,
                0.15,
                0.18
            ]
        }
    ],
    "srtss": [],
    "thermal_units": [],
    "local_sources": [
        {
            "uid": 1,
            "name": "gd1",
            "generation_values": [
                0.0,
                0.0,
                0.0,
                0.0,
                0.0,
                0.0,
                0.0,
                0.25,
                0.40567901,
                2.122,
                2.2,
                2.18,
                4.45,
                4.94,
                4.92,
                3.995358,
                2.428,
                0.398,
                0.0,
                0.0,
                0.0,
                0.0,
                0.0,
                0.0
            ]
        }
    ],
    "electric_cars": [
        {
            "uid": 1,
            "name": "VEs_1",