{
    "name": "deferred_load",
    "uid": 1,
    "block_durations": [
        1,
        1,
        1,
        1,
        1,
        1,
        1,
        1,
        1,
        1,
        1,
        1,
        1,
        1,
        1,
        1,
        1,
        1,
        1,
        1,
        1,
        1,
        1,
        1
    ],
    "buses": [
        {
            "name": "bus",
            "uid": 1
        }
    ],
    "grids": [
        {
            "name": "grid",
            "uid": 1,
            "bus_uid": 1,
            "capacity": 3.0,
            "energy_buy_price_sched": 150.0,
            "emission_cost": 50.0,
            "emission_factor_sched": [
                291.2932185337061,
                288.14006584551373,
                278.8534847108164,
                267.3314364485769,
                261.19110560499627,
                263.0955521404908,
                256.99315652982386,
                215.46511262480064,
                173.49598669024041,
                89.08268897431074,
                51.80898732086219,
                53.38470917290103,
                88.81329972706283,
                113.19109831431442,
                115.14332024188307,
                116.6433217017245,
                118.0,
                141.5214335762636,
                190.27525844295025,
                271.17377259926525,
                294.08694976694846,
                295.1737957773992,
                296.91363078468044,
                296.0
            ]
        }
    ]
}
